id,smiles,docking score,kinomeX_P,kinomeX_rank,PPB2_rank,sea_rank,PAINS,chemFH
2,O=C(NCCCN1Cc2c(cccc2)CC1)C1c2c(C(=O)N3C1c1c(cccc1)CC3)cc(OC)c(OC)c2,-9.995,,,,,1,
42,O=C(NCc1ccc(C)cc1)CCN1C(=O)c2[nH]c3c(c2N=C1)cc(C)cc3,-9.958,,,,,2,
216,O=C1N(C)c2nc3N(c4c(C)c(C)ccc4)CCCn3c2C(=O)N1,-9.895,,,,,1,
461,Fc1cc2c(N3CCC(C(=O)Nc4ccc(OC)cc4)CC3)c(C#N)cnc2cc1,-9.888,,,,,1,
3,O=C(NCc1ccc(C(C)C)cc1)CCN1C(=O)c2[nH]c3c(c2N=C1)cc(C)cc3,-9.88,,,,,2,
462,Clc1cc2c(N3CCC(C(=O)Nc4ccc(OC)cc4)CC3)c(C#N)cnc2cc1,-9.799,,,,,1,
278,O=C(NNC1C(O)C(O)C(O)C(C)O1)c1ccc(O)cc1,-9.773,,,,,6,
253,O=C1N(C)c2nc3N(c4c(C)cc(C)cc4)CCCn3c2C(=O)N1,-9.702,0.852278091,25,,,1,
32,O=C(NCc1ncccc1)Cn1c2c(c3c1C(=O)NN=C3)cccc2,-9.607,,,,,2,
50,O=C(NCc1cnccc1)Cn1c2c(c3c1C(=O)NN=C3)cccc2,-9.599,,,,,2,
279,O=C1N(C)c2nc(NCCN(C)C)n(CCc3ccccc3)c2C(=O)N1,-9.575,,,,,2,
463,Clc1c(OC)ccc(NC(=O)C2CCN(c3c(C#N)cnc4c3cccc4)CC2)c1,-9.543,,,,,1,
4,O=C(NCc1ccncc1)CCN1C(=O)c2[nH]c3c(c2N=C1)cc(C)cc3,-9.539,,,,,2,
19,O=C(NCCc1c2c([nH]c1)cccc2)CCN1C(=O)c2[nH]c3c(c2N=C1)cc(C)cc3,-9.534,,,,,3,
359,O=C(Nc1cc(C(=O)OCC)ccc1)NC=1c2n(ncn2)C=CC=1,-9.503,,,,99,2,
145,O=C(NC1CCCC1)CN1c2c(N3C(=O)C=C(c4cnccc4)N=C13)cccc2,-9.498,,,,,1,
254,O=C1N(C)c2nc3N(Cc4ccccc4)CC(C)Cn3c2C(=O)N1,-9.476,,,,,1,
188,S(CCC(NC(=O)OC(C)(C)C)C(=O)NC(C(=O)NC(C(=O)NC(C(=O)N)C(CC)C)C(CC)C)CCC(=O)OCc1ccccc1)C,-9.475,0.60052503,26,,,6,
189,O=C1N(C)c2nc(NCCc3ccccc3)n(CCC)c2C(=O)N1,-9.434,,,,,2,
217,O=C1N(C)c2nc(NCc3ccccc3)n(CCCCC)c2C(=O)N1,-9.421,,,,,2,
218,O=C(NCCCOC)c1cc2nc(C)n(-c3c(OC)cccc3)c2cc1,-9.409,,,,,1,
181,O=C1N(C)c2nc(n(CCc3ccccc3)c2C(=O)N1)N1CCCCCC1,-9.399,,,,,1,
360,O=C(N)c1nc(-c2cc(O)c(OC)cc2)nc2N(c3ccccc3)C(=O)Nc12,-9.39,,,,,4,
60,O=C(Nc1cc(C)cc(C)c1)c1cc2N(Cc3ccc(C)cc3)C(=O)Oc2cc1,-9.389,,,,,1,
168,O=C(NCCCN(C(C)C)Cc1occc1)CCc1n-2c(N(CCc3ccccc3)C(=O)c3c-2cccc3)nn1,-9.382,,,,,1,
172,O=C(N)CC=1C(=O)Oc2c(C=1C)ccc(O)c2,-9.357,0.613962402,45,,,3,
303,O(C)c1cc(-c2c3c(c(C)c4OC(=O)C=C(CC)c4c3)oc2)ccc1,-9.333,,,,,0,
243,O=C(OC)c1cc(Nc2c(-c3ccc(C)cc3)nc3n2N=CN3)ccc1,-9.32,,,,,2,
153,S(CC(=O)Nc1ccc(C(C)C)cc1)C1=Nc2c(cccc2)C=2N1C(=O)C(CC(=O)NCc1c(OC)cccc1)N=2,-9.305,0.541145144,42,,,3,
128,O=C1N(C)c2nc(n(C(C)C)c2C(=O)N1)N1CCN(CC)CC1,-9.298,,,,,1,
244,O=C(NCCc1[nH]c2c(n1)cccc2)CC1=NN(CC(C)C)C(=O)c2c1cccc2,-9.288,,,,,2,
231,Fc1ccc(-c2c3c(oc2)cc2OC(=O)C(CC(=O)N4CCOCC4)=C(C)c2c3)cc1,-9.281,,,,,0,
232,O=C1N(C)c2nc(CN3CCN(CC)CC3)n(CCc3ccccc3)c2C(=O)N1,-9.277,,,,,1,
405,O=C(NN1C(=O)C2=C(n3ncc(-c4ccccc4)c3N=C2)C=C1)N,-9.268,,,,,3,
255,O=C1N(C)c2nc3N(CCC)CCCn3c2C(=O)N1,-9.26,0.520142396,21,,,1,
123,Fc1ccc(CN2C(=O)Oc3c2cc(C(=O)Nc2cc(C)cc(C)c2)cc3)cc1,-9.237,,,,,1,
98,O=C(NCc1cc(OC)ccc1)CN1C(=O)c2sc(N3CCC(C(=O)NC)CC3)nc2N=C1,-9.229,,,,,2,
45,O=C(NCCCOC)CCN1C(=O)c2[nH]c3c(c2N=C1)cc(C)cc3,-9.216,,,,,2,
46,O=C1N(C)c2nc(NCc3ccccc3)n(Cc3ccccc3)c2C(=O)N1,-9.215,,,,,2,
361,S(C(C(=O)Nc1cc(OC)ccc1)CC)C1=Nc2c(cccc2)C=2N1C(=O)C(CCC(=O)NCc1cc3OCOc3cc1)N=2,-9.214,,,,,3,
464,Fc1ccc(-c2c3n(nc2)C2=C(C(=O)N(NC(=O)N)C=C2)C=N3)cc1,-9.2,,,,,3,
65,O(C)c1ccc(C=2c3c(c(C)c4occ(-c5ccccc5)c4c3)OC(=O)C=2)cc1,-9.169,,,,,0,
280,O(C)c1cc(-c2c3c(c(C)c4OC(=O)C=C(CCC)c4c3)oc2)ccc1,-9.154,,,,,0,
304,O=C1NC(c2ccc(O)cc2)=NC=2Oc3c(cc(C)cc3)CC1=2,-9.148,0.998197516,5,,,2,
305,Fc1ccc(-c2c3c(oc2)cc2OC(=O)C(CC(=O)N4CCCCC4)=C(C)c2c3)cc1,-9.148,,,,,0,
52,O=C(N(Cc1ccccc1)C)CN1C(=O)Oc2c1cc(C(=O)Nc1ccc(C)cc1)cc2,-9.147,,,,,1,
196,Fc1ccc(-c2c3c(oc2)cc2OC(=O)C(CCC(=O)NCCc4ccc(O)cc4)=C(C)c2c3)cc1,-9.135,,,,,2,
306,Fc1c(OC)ccc(-c2c3c(c(C)c4OC(=O)C=C(c5ccccc5)c4c3)oc2)c1,-9.131,,,,,0,
204,O=C(OC(C)(C)C)NC(C(=O)NC(C(=O)NC(C(=O)NC(C(=O)N)C)C(CC)C)CCC(=O)OCc1ccccc1)CC(C)C,-9.128,,,,,6,
205,S(CC(=O)NCC1OCCC1)C=1n2c3c(nc2-c2c(N=1)cc(C(=O)NCCc1cc(OC)c(OC)cc1)cc2)cccc3,-9.121,,,,,2,
281,O(C)c1ccc(-c2c3c(c(C)c4OC(=O)C=C(CCC)c4c3)oc2)cc1,-9.108,,,,,0,
61,O(C)c1cc(-c2c3c(c(C)c4OC(=O)C=C(c5ccccc5)c4c3)oc2)ccc1,-9.099,,,,,0,
465,Clc1ccc(-c2n3c(nn2)-c2c(N=C3)ccc(F)c2)cc1,-9.096,,,,,0,
6,O(C)c1ccc(C=2c3c(c(C)c4occ(-c5cc6c(cc5)cccc6)c4c3)OC(=O)C=2)cc1,-9.085,,,,,0,
282,O=C1N(C)c2nc(NCc3ccccc3)n(CCC)c2C(=O)N1,-9.083,,,,,2,
333,Fc1ccc(-c2c3c(c(C)c4OC(=O)C=C(c5ccc(OC)cc5)c4c3)oc2)cc1,-9.078,,,,,0,
182,O=C(NCCCN1CCN(c2c(C)ccc(C)c2)CC1)CCc1n-2c(N(CCc3ccccc3)C(=O)c3c-2cccc3)nn1,-9.074,,,,,1,
283,O=C1N(C)c2nc(n(C/C=C/C)c2C(=O)N1)N1CCCCCC1,-9.068,0.690442651,12,,,1,
219,O=C1N(C)c2nc(NCCc3ccccc3)n(CC)c2C(=O)N1,-9.066,,,,,2,
256,O(C)c1cc(-c2c3c(c(C)c4OC(=O)C=C(CCCC)c4c3)oc2)ccc1,-9.064,,,,,0,
245,S(CC(=O)Nc1ccc(C)cc1)C=1N(CCCC(=O)NCCc2cc(OC)c(OC)cc2)C(=O)c2c(N=1)cccc2,-9.057,,,,,2,
334,O=C(NC(C)C)CCN1C(=O)c2n(-c3c1nccc3)ccc2,-9.047,,,,,1,
406,Fc1c2C(F)(F)c3c(C(=O)c2ccc1)cccc3,-9.035,,,,,0,
73,O=C(Nc1ccc(O)cc1)COc1cc2OC3(CC(=O)c2cc1)CCN(C(=O)C)CC3,-9.021,,,,,2,
362,O(C)c1c(O)c2C(=O)C(OC)=C(c3c(OC)cc(O)cc3)Oc2cc1OC,-9.017,,,,56,2,
407,O=C(C)C1C(=O)CC(O)(C)C(C(=O)C)C1c1ccc(O)cc1,-9.017,,,,,2,
101,Clc1cc2nccc(-c3cc(CNCCC4N(C)CCC4)c(O)cc3)c2cc1,-9.011,,,,,2,
67,S(Cc1c(OC)ccc(C(=O)C)c1)C=1N(CCCC(=O)NCCCN2C(=O)CCC2)C(=O)c2c(N=1)cccc2,-9.009,,,,,1,
220,O=C1N(C)c2nc(NC)n(CC(C)C)c2C(=O)N1,-9.009,,,,,2,
197,O=C1Oc2c(C)c3occ(-c4ccc(C)cc4)c3cc2C(CC)=C1,-9,,,,,0,
284,O=C1N(N(Cc2c(C)cccc2)c2ncccc12)c1cc(C)c(C)cc1,-8.981,,,,,0,
307,S(C(C(=O)Nc1cc2OCOc2cc1)CC)C=1N(CCC(=O)NCCc2cc(OC)c(OC)cc2)C(=O)c2c(N=1)cccc2,-8.976,,,,,2,
169,O=C(NCCN1C(C)CCCC1)CCCN1C(=O)c2n(-c3c1cccc3)ccc2,-8.973,,,,,1,
285,O=C1N(C)c2nc(n(C(C)C)c2C(=O)N1)N1CCNCC1,-8.972,,,,,2,
29,O=C(N1C[C@H](N2C(=O)Nc3c2nccc3)CC1)c1nn(C)cc1,-8.954,,,,,1,
173,Fc1ccc(-c2c3c(oc2)cc2OC(=O)C(CC(=O)N4CCC(C(=O)N)CC4)=C(C)c2c3)cc1,-8.95,,,,,2,
408,O=C(NCc1cnccc1)c1cc2-n3nnc(-c4ccccc4)c3NC(=O)c2cc1,-8.948,,,14,36,2,
99,S(CC(=O)NCc1ccccc1)C=1N(CCCC(=O)NCCc2cc(OC)c(OC)cc2)C(=O)c2c(N=1)cccc2,-8.945,,,,,2,
308,Clc1c(F)ccc(NC(=O)CN2C(=O)N(CCCCC(=O)NCCC(C)C)C(=O)c3c2cccc3)c1,-8.936,,,,,2,
363,O=C(N)c1nn-2c(C(=O)N(CC)c3c-2cccc3)c1,-8.933,,,,,2,
335,S(CC(=O)NCCC(C)C)c1n-2c(N(CCC(=O)NC(CC)C)C(=O)c3c-2cccc3)nn1,-8.932,,,,,2,
364,Fc1ccc(N2CCN(C3=C(CC)C(C)=Nc4n3nc(-c3ccccc3)n4)CC2)cc1,-8.921,,,,,0,
466,Fc1c2c(sc3C(=O)NC=Nc23)ccc1,-8.919,,,,,1,
286,O=C(NCc1occc1)CN1N(c2cc(C)c(C)cc2)C(=O)c2c1nccc2,-8.917,,,,,1,
130,O(CCCNc1n(CCCc2ccccc2)c2C(=O)NC(=O)N(C)c2n1)C,-8.915,,,,,2,
146,O=C(NCCCOC)CCN1C(=O)c2[nH]c3c(c2N=C1)cc(OC)c(OC)c3,-8.914,,,,,2,
409,O=[N+]([O-])c1c(OCc2oc(C(=O)Nc3n(C)c4c(n3)cccc4)cc2)ccc(C)c1,-8.907,,,,16,1,
365,Clc1cc(NC(=O)CN2C(=O)N3C(C(N4CCN(c5ccc(C)cc5)CC4)=NC=C3)=N2)ccc1,-8.907,,,,,1,
257,Clc1cc2c(N3CCCCCC3)c(C#N)cnc2cc1,-8.893,,,,,0,
366,Fc1cc2c(N3CCC(C(=O)OCC)CC3)c(C#N)cnc2cc1,-8.885,,,,,0,
410,Fc1cc(-c2nnn-3c2NC(=O)c2c-3cc(C(=O)NCC(C)c3ccccc3)cc2)ccc1,-8.884,,,,,2,
37,Fc1c(C2N(C)C(=O)c3c(C2C(=O)NCCN(CCC)CCC)cc(OC)c(OC)c3)cccc1,-8.875,,,,,1,
28,Fc1cc2c3n(CC(=O)Nc4ccccc4)nc(-c4ccccc4)c3cnc2cc1,-8.874,,,,,1,
40,O=C1N(C)c2nc(NCC(C)C)n(C(C)C)c2C(=O)N1,-8.873,,,,,2,
76,O=C(NCc1occc1)CN1N(c2ccc(CC)cc2)C(=O)c2c1nccc2,-8.859,,,,,1,
174,CC1=Nc2n(C(N3CCN(c4ccccc4)CC3)=C1)nc(-c1ccccc1)c2,-8.858,,,,26,0,
138,O=C(NCC=C)c1ccc(CN2C(=O)CCn3nc(-c4ccccc4)cc23)cc1,-8.854,,,,,1,
110,O=C(NCCCOC)c1cc2nc(C)n(-c3c(OC)ccc(C)c3)c2cc1,-8.85,,,,,1,
233,S(C(C(=O)NCCCOC)CC)C1=Nc2c(cccc2)C=2N1C(=O)C(CCC(=O)NCc1cc3OCOc3cc1)N=2,-8.85,,,,,3,
59,O=C1N(C)c2nc(NCCCN3CCOCC3)n(CCCc3ccccc3)c2C(=O)N1,-8.846,,,,,2,
160,S(CC(=O)N(CC)CC)C=1N(CCC(=O)NCCc2cc(OC)c(OC)cc2)C(=O)c2c(N=1)cccc2,-8.84,,,,,1,
467,Fc1cc2c(N3CCC(C)CC3)c(C#N)cnc2cc1,-8.839,,,,,0,
183,O=C(Nc1ccc(CC)cc1)CN1C(=O)c2n(C)c3c(c2C=N1)cccc3,-8.833,,,,,1,
7,O=C(NCCC(C)N1CCCC1)c1ccc(CN2C(=O)CCn3nc(-c4ccccc4)cc23)cc1,-8.83,,,,,1,
411,O=C(NCCN(C)C)c1n(C)c2N=C3C(C)=CC=CN3C(=O)c2c1,-8.828,,,,,1,
412,O=C(NCCN(C)C)c1cc(-n2c3ncccc3nc2)c(C)cc1,-8.819,,,,,1,
336,Clc1cc2c(N3CCCCC3)c(C#N)cnc2cc1,-8.818,,,,,0,
16,IC=1C(=O)NC(=O)N(C2C(OC(=O)C)C(OC(=O)c3ccc(C)cc3)C(COC(=O)c3ccc(C)cc3)O2)C=1,-8.816,,,,,1,
258,O=C(N)Cn1ncc(NC(=O)c2[nH]nc3c2CCCC3)c1,-8.81,,,12,9,4,
94,O(C)c1cc2c(/C=C\3/C(=O)c4c(O/3)cc(O)cc4)c[nH]c2cc1,-8.803,,,,,2,
100,O=C(OCC1C(OC(=O)c2ccc(C)cc2)C(O)C(O)O1)c1ccc(C)cc1,-8.8,,,,,2,
413,Clc1ccc(CCNC(=O)CN2N(c3cc(C)c(C)cc3)C(=O)c3c2nccc3)cc1,-8.798,,,,,1,
22,O=C(CCC=1C(=O)n2nc(NCc3sccc3)nc2NC=1C)N1CCC(C)CC1,-8.796,,,,,2,
367,O=C(Nc1cn(C)nc1)C=1c2c(C(=O)N(CC(C)C)C=1)cccc2,-8.793,,,7,23,1,
468,O=C(/C=C/c1c(OC)c2OCOc2c(OC)c1)c1ccc(C)cc1,-8.793,,,,,0,
125,O=C(N)CCC=1C(=O)Oc2c(C=1C)ccc(O)c2,-8.792,0.545775067,52,,84,3,
142,O=C(Nc1scc(-c2c3c([nH]c2)cccc3)n1)CCNC(=O)c1nccnc1,-8.792,,,,,3,
309,O=C1N(C)c2nc(n(CCCc3ccccc3)c2C(=O)N1)N1CCNCC1,-8.79,0.812555432,11,,,2,
83,O=C1Oc2c(C)c(O)c(-c3[nH]c4c(c3)cccc4)cc2C(C)=C1,-8.784,0.934645937,7,,,2,
198,O=C(NCCCN1CCC(C)CC1)C=1c2c3c(n(C)c2C(=O)N(C)C=1)cccc3,-8.777,,,,,1,
234,O([C@H]1[C@H](O)[C@@H](O)[C@H](O)[C@@H](CO)O1)c1c(C)c2OC(=O)C=C(c3ccccc3)c2cc1,-8.777,,,,,4,
259,O(C)c1ccc(C=2c3c(c(C)c(O[C@H]4[C@H](O)[C@@H](O)[C@@H](O)[C@@H](CO)O4)cc3)OC(=O)C=2)cc1,-8.776,,,,,4,
310,Fc1cc2c(N3CCC(Cc4ccccc4)CC3)c(C#N)cnc2cc1,-8.773,,,,,0,
206,O=C(NCCCOC)CCN1C(=O)c2n(-c3c1nccc3)ccc2,-8.77,,,,,1,
414,FC(F)C=1n2ncc(C(=O)NCc3ccc(F)cc3)c2N=C(c2ccc(C)cc2)C=1,-8.769,,,,,1,
9,S=C1SC(C(=O)NCCNC(=O)C=2SC(=S)N3c4c(C(=O)NC=23)cccc4)=C2N1c1c(C(=O)N2)cccc1,-8.769,,,,,4,
114,O=C(NC1CCC(C)CC1)CCc1n-2c(N(CCc3ccccc3)C(=O)c3c-2cccc3)nn1,-8.768,,,,,1,
221,S(CC(=O)Nc1ccc(OC)cc1)C1=Nc2c(cccc2)C=2N1C(=O)C(CC(=O)NCc1occc1)N=2,-8.766,,,,,3,
415,Fc1ccc(Cn2ncc3c2cc(C(=O)NCc2c(OC)ccc(OC)c2)cc3)cc1,-8.762,0.783803267,24,,,1,
260,FC(F)C=1n2ncc(C(=O)N3CCN(c4ccccc4)CC3)c2N=C(c2ccc(C)cc2)C=1,-8.762,,,,,0,
368,O=C(NCCCc1ccccc1)c1cc2-n3nnc(-c4ccccc4)c3NC(=O)c2cc1,-8.758,,,,,2,
369,S(CC(=O)Nc1cc(C(F)(F)F)ccc1)C=1N(CCC(=O)NCCc2cc(OC)c(OC)cc2)C(=O)c2c(N=1)cccc2,-8.758,,,,,2,
311,CN1CCN(c2nc(C3=C(C)n4nc(-c5ccncc5)nc4N=C3)ccn2)CC1,-8.756,,,,,0,
370,O=C(/C=C/c1c(OC)cc(OC)c(OC)c1)c1cc2OCCOc2cc1,-8.754,,,,,0,
170,O=C(NCCCN1CCC(C)CC1)CCc1n-2c(N(CCc3ccccc3)C(=O)c3c-2cccc3)nn1,-8.754,,,,,1,
261,O=C1N(C)c2nc3N(CCc4ccccc4)CC(C)Cn3c2C(=O)N1,-8.754,,,,,1,
97,N#Cc1c(N2CCCCC2)c2c(nc1)ccc(CC)c2,-8.752,,,,,0,
312,S=C(N)C=1C(=O)Oc2c(ccc(O)c2)C=1,-8.746,,,,,3,
184,O=C(NCCCN1C(CC)CCCC1)C=1c2c3c(n(C)c2C(=O)N(C)C=1)cccc3,-8.745,,,,,1,
469,Fc1cc2c(N3CCC(C(=O)Nc4cc(OC)ccc4)CC3)c(C#N)cnc2cc1,-8.744,,,,,1,
416,O=C(NCc1cnccc1)c1nc(N2CCCC2)c2c(n(C)nc2)n1,-8.742,,,,,1,
417,O=C(NC(CC)C)Cn1c2c(c3c1C(=O)NN=C3)cccc2,-8.735,,,,,2,
27,O=C(CN(CC)CC)N1C=2C(=O)Oc3c(cc(O)cc3)C=2CCC1,-8.729,,,,,1,
222,O=C(NCCCN(CC)CC)C1=NN(c2ccc(C)cc2)C(=O)c2n(C)c3c(c12)cccc3,-8.715,,,,,1,
418,O=C(N)COc1ccc(C2c3c(n(C4=Nn5c(C)nnc5C=C4)nc3)NC(=O)C2)cc1,-8.711,,,,,3,
419,O(C)c1c(OC)ccc(C=2C=C(OC)c3c(C)oc(C)c3C(=O)C=2)c1,-8.71,,,,,0,
371,O=C(NCc1cnccc1)C=1C(=N)N(C2CCCC2)C=2N=C3N(C(=O)C=2C=1)C=C(C)C=C3,-8.708,,,,,2,
287,O=C(NCCc1c2c([nH]c1)cccc2)c1n(C)c2N=C3N(C(=O)c2c1)C=CC=C3,-8.704,,,,,2,
262,O=C(N)c1nc(-c2ccc(OCC)cc2)nc2N(c3cc4OCOc4cc3)C(=O)N(CC)c12,-8.703,,,,,2,
17,O=C(Nc1ccccc1)CCc1n-2c(N(CCc3ccccc3)C(=O)c3c-2cccc3)nn1,-8.702,,,,115,1,
111,Oc1ccc(C2N(C)c3c(N2C)cccc3)cc1,-8.701,,,,,1,
74,Fc1c(F)cc2ncc(C(=O)OCC)c(N3CCN(C)CC3)c2c1,-8.698,,,,17,0,
420,O=C(Nc1cn(C)nc1)C=1c2c(C(=O)N(C3CC3)C=1)cccc2,-8.692,,,9,14,1,
372,O=C(/C=C/c1c(OC)cc(OC)c(OC)c1)c1ccccc1,-8.69,,,,,0,
133,O(C)c1c2OC(=O)C(C=3c4c(c(C)c(O)cc4)OC(=O)C=3)=Cc2ccc1,-8.686,,,,,1,
235,Clc1ccc(CNC(=O)Cn2c3c(c4c2C(=O)NN=C4)cccc3)cc1,-8.684,,,,,2,
199,O=C(NCCCOC)c1cc2ncn(-c3c(OC)ccc(OC)c3)c2cc1,-8.678,,,,,1,
139,O=C1Oc2c(C)c3occ(-c4ccccc4)c3cc2C(C)=C1,-8.676,,,,,0,
470,O=C(/C=C/c1c(OC)c2OCOc2c(OC)c1)c1ccccc1,-8.676,,,,,0,
421,O(C)c1c(OC)cc(/C=C\2/C(=O)c3c(cccc3)CC/2)cc1OC,-8.674,,,,,0,
207,S(CC(=O)NCc1ccc(C)cc1)C=1N(CCC(=O)NCCc2cc(OC)c(OC)cc2)C(=O)c2c(N=1)cccc2,-8.674,,,,,2,
246,O=C(NCCCOC)c1cc2ncn(-c3c(OC)cccc3)c2cc1,-8.669,,,,,1,
223,O(CC(O)Cn1c(NCCC(C)C)nc2N(C)C(=O)NC(=O)c12)c1cc(C)ccc1,-8.668,0.979314867,43,,,3,
422,O=C(NCCc1cnccc1)c1cc2N(CC)C(=O)c3n(ncc3)-c2cc1,-8.668,,,,,1,
1,Fc1cc2c(O)c(C#N)cnc2cc1,-8.667,0.510975341,14,,,1,
147,O=C(CN1C(=O)Oc2c1cccc2)N1C[C@@H](C(=O)N)[C@H](c2onc(C)n2)C1,-8.667,,,,,2,
313,O(C)c1cc(-c2c3c(c(C)c4OC(=O)C=C(C)c4c3)oc2)ccc1,-8.665,,,,,0,
337,O=C(/C=C/c1cc(OC)c(OC)cc1)c1c(O)c2c(cc1)cccc2,-8.662,,,,,1,
190,O=C1c2c(nc(N3CCN(C)CC3)nc2)CC(c2c(O)cccc2)C1,-8.659,,,,13,1,
175,Clc1ccc(N2CCN(C(=O)c3c4n(C(C(F)F)=CC(c5ccc(OC)cc5)=N4)nc3)CC2)cc1,-8.659,,,,,0,
314,O(C)c1ccc(-c2c3c(c(C)c4OC(=O)C=C(C)c4c3)oc2)cc1,-8.657,,,,,0,
338,Fc1ccc(Cn2c(NC(CC)C)nc3N(C)C(=O)NC(=O)c23)cc1,-8.657,,,,,2,
263,O=C(Nc1cn(C)nc1)C=1c2c(C(=O)N(CCOC)C=1)cccc2,-8.655,,,14,22,1,
140,O=C(C)c1n(C)c2c(c1C)cccc2,-8.655,,,,,0,
373,O=C(N)c1nc(-c2ccc(OCC)cc2)nc2N(c3cc4OCOc4cc3)C(=O)Nc12,-8.654,,,,,3,
208,FC(F)C=1n2ncc(C(=O)N3CCN(c4ccc(F)cc4)CC3)c2N=C(c2ccccc2)C=1,-8.651,,,,,0,
264,O=C(NCCN(CCCC)CC)C=1c2c3c(n(C)c2C(=O)N(C)C=1)cccc3,-8.651,,,,,1,
23,O=C(Nc1c(C)cccc1)N1CCC(CCNC(=O)c2cc3nc[nH]c3cc2)CC1,-8.651,,,,,3,
157,S(CC(=O)c1ccccc1)C=1N(CCCC(=O)NCCc2cc(OC)c(OC)cc2)C(=O)c2c(N=1)cccc2,-8.65,,,,,1,
81,O=C1N(C)c2nc(n(CCCC)c2C(=O)N1)N1CCCCCC1,-8.648,0.753859493,2,,,1,
374,Clc1ccc(N2CCN(C(=O)c3c4n(C(C(F)F)=CC(c5ccc(C)cc5)=N4)nc3)CC2)cc1,-8.647,0.541455689,18,,28,0,
339,O=C(NC(CC)C)c1ccc(CN2C(=O)CCn3nc(-c4ccccc4)cc23)cc1,-8.645,,,,,1,
265,O=C1N(C)c2nc3N(CCC)CC(C)Cn3c2C(=O)N1,-8.64,0.507576795,45,,,1,
423,O=C(NCCC(C)C)C1CN(C2=Nc3c(-c4ccc(C)cc4)csc3C(=O)N2)CCC1,-8.638,,,,,2,
375,Clc1ccc(-c2c(CC(=O)N3CCN(c4ccccc4)CC3)c(C)n[nH]2)cc1,-8.634,,,,,1,
315,O=C(N)COc1cc(O)c2C(=O)c3c(Oc2c1)ccc(OC)c3,-8.631,,,,97,3,
288,O=C(/C=C/c1c(OC)cc(OC)c(OC)c1)C=1C(=O)Oc2c(cccc2)C=1,-8.621,,,,,0,
112,Cc1c(-c2nc(C)sc2)c2c([nH]1)cccc2,-8.619,,,,,1,
92,Fc1ccc(CN2C(=O)c3n(nc(C(=O)NCc4cnccc4)c3)CC2)cc1,-8.618,,,,49,1,
247,Clc1cc2n3N=Cc4c(-c3nc2cc1)cccc4,-8.618,,,,,0,
5,O=C(OC)CCCCC(=O)Nc1cc2c(C(=O)C(=O)N3Cc4c(cccc4)CC3)cn(CC(=O)OCC)c2cc1,-8.617,,,,,1,
376,S(CC(=O)Nc1ccccc1)c1n(CCC(C)C)c2C(=O)NC(=O)N(C)c2n1,-8.613,,,,,2,
340,O=C1C(C)=C(C)c2c(c(C)c(O)cc2)O1,-8.612,,,,,1,
424,Fc1c(-c2[nH]nc(-c3c(O)ccc(F)c3)c2)cccc1,-8.612,,,,,2,
95,O=C(NCCCC)CCN1C(=O)c2n(-c3c1nccc3)ccc2,-8.611,,,,,1,
88,N#Cc1c(N2CCCCCC2)c2c(nc1)cccc2,-8.61,,,,,0,
377,O=C1N(c2cc(C)c(C)cc2)N=C2Oc3c(ccc(O)c3)C=C12,-8.609,,,,,1,
134,O=C(N)c1nc(-c2c(O)cccc2)nc2N(c3ccccc3)C(=O)Nc12,-8.607,,,,,4,
425,Clc1cc2c(N3CCCC3)c(C#N)cnc2cc1,-8.603,,,,,0,
341,O(C)c1cc2c(C(O)c3oc4c(c3)cc(OC)cc4)c(C)oc2cc1,-8.603,,,,,1,
84,O(C(C)C)CC(O)Cn1c(NCCCCCC)nc2N(C)C(=O)NC(=O)c12,-8.598,0.647165814,99,,,3,
426,O=C(NC)c1cc2N(CC)C(=O)c3n(ncc3)-c2cc1,-8.597,,,18,,1,
12,O=C(OCC)c1c(CN2CCCC2)n(C)c2c1cc(O)cc2,-8.597,,,,,1,
248,O=C1C(=Cc2cc3OCOc3cc2)C(=O)c2c1cccc2,-8.596,,,,,0,
236,O=C(OCC)c1c(O)nc2c(c1-c1ccccc1)oc1c2cccc1,-8.595,,,,,1,
342,O(C)c1ccc(/C=C\2/C(=O)c3c4OC(=O)C=C(C)c4ccc3O/2)cc1,-8.594,,,,,0,
15,O=C1N(C)c2nc(NCCCC)n(CC(C)C)c2C(=O)N1,-8.591,0.703227678,88,,,2,
378,O(C)c1ccc(N2C(=O)C=3C(Oc4c(ccc(O)c4)C=3)=N2)cc1,-8.587,,,,,1,
209,O=C1N(CCCN(C)C)C(c2cc(O)ccc2)C=2C(=O)c3c(OC1=2)cc(C)c(C)c3,-8.586,0.965483818,7,,,2,
427,S(CC(=O)Nc1ccc(CC)cc1)c1n(C)c2N=CNC(=O)c2n1,-8.585,,,,,2,
379,O=C(N)c1ncn-2c1N=Nc1c3c(ccc-21)cccc3,-8.584,,,,,2,
381,O(C)c1c(OC)ccc(/C=C2/C(=O)c3c4c(c(OC)cc3)cccc4O/2)c1,-8.581,,,,,0,
382,O(C)c1ccc(C=2N=C(N3CCN(C)CC3)NC(=O)C=2)cc1,-8.581,,,,,1,
380,O=C(N)c1nc(-c2c(O)c(OC)ccc2)nc2N(c3ccccc3)C(=O)Nc12,-8.581,,,,,4,
154,O=C(NC1c2c(cc(OC)c(OC)c2)CC1)CC=1C(=O)Oc2c(C=1C)ccc(O)c2,-8.58,,,,,2,
383,Clc1cc(CNC(=O)CCCN2C(SCC(=O)NCCc3cc(OC)c(OC)cc3)=Nc3c(C2=O)cccc3)ccc1,-8.574,,,,,2,
289,O=C(N1Cc2c(cccc2)CC1)C1CCN(c2c(C#N)cnc3c2cc(OC)cc3)CC1,-8.566,,,,,0,
428,O=C(NCc1ncccc1)c1n(C)c2N=C3N(C(=O)c2c1)C=CC=C3,-8.566,,,,,1,
127,O=C(OCCOC)C1=C(C)Nc2n(C1c1ccncc1)c1c(n2)cccc1,-8.565,0.596596862,24,,,0,
266,O=C(NCCCN1CC(C)CC(C)C1)C1=NN(c2ccc(C)cc2)C(=O)c2n(C)c3c(c12)cccc3,-8.562,,,,,1,
69,FC(F)(F)c1cc(-c2c(C(=O)N3CC4(OCC(O)C4)C3)nco2)ccc1,-8.556,,,,,1,
267,O=C(Nc1cc(OC)c(OC)c(OC)c1)c1cc2N(C)C(=O)Oc2cc1,-8.555,,,5,58,1,
316,O(C)c1c(OC)ccc(C2N(CCO)C(=O)C=3Oc4c(c(C)cc(C)c4)C(=O)C2=3)c1,-8.555,,,,,2,
49,O=C(NCc1ccncc1)c1c2c([nH]c1)nccc2,-8.551,,,,195,2,
158,O=C(/C=C/c1cc2OCCOc2cc1)c1c(O)cc(C)c(C)c1,-8.551,,,,,1,
384,O=C(N)c1nc(-c2cc(O)ccc2)nc2N(c3cc(OC)ccc3)C(=O)Nc12,-8.549,0.652625195,32,,,4,
343,O=C(OCC)CC=1NC(Nc2oc3c(n2)cccc3)=NC(=O)C=1,-8.545,0.774131698,21,,,2,
63,O(CC(O)Cn1c(NCCCCCC)nc2N(C)C(=O)NC(=O)c12)c1cc(C)ccc1,-8.544,0.525395754,95,,,3,
268,S(C(C(=O)NCc1cnccc1)CC)C=1N(CCCCCC(=O)NCc2ccc(OC)cc2)C(=O)c2c(N=1)cc1OCOc1c2,-8.544,,,,,2,
317,S(C(C(=O)Nc1cc2OCOc2cc1)CC)C1=Nc2c(cccc2)C=2N1C(=O)C(CCC(=O)NCc1occc1)N=2,-8.543,,,,,3,
344,O=C1NC(c2cc(-c3cn(C)nc3)ccc2)Nc2ncccc12,-8.541,,,,,2,
91,O=[N+]([O-])c1ccc(-c2c(Nc3ccc(C(=O)OCC)cc3)n3N=CNc3n2)cc1,-8.539,,,,,2,
26,O=C1NCC(NCc2ccccc2)n2nc(-c3ccccc3)cc12,-8.536,,,,23,2,
224,Clc1ccc(-c2c3c(oc2)cc2OC(=O)C(CC(=O)N4CCOCC4)=C(C)c2c3)cc1,-8.536,,,,,0,
210,Brc1cc(Cn2c(NCCN(C)C)nc3N(C)C(=O)NC(=O)c23)ccc1,-8.531,0.611943861,21,,,2,
345,Clc1cc(NC(=O)c2c(C)nc3N(Cc4ccccc4)C(=O)NC(=O)c3c2)ccc1,-8.53,,,,,2,
166,O=C(Nc1cc(-c2oc3c(n2)cccc3)c(O)cc1)CC,-8.527,,,,,2,
429,O=C(OC)c1cc(NC(=O)c2c3c([nH]c2)nccc3)ccc1,-8.525,,,,132,2,
131,O=C(NCCc1ccccc1)c1cc(NC2=Nc3c(-n4c2nnc4)cccc3)ccc1,-8.525,,,,,2,
290,N#Cc1c(N2CCC(C)CC2)c2c(nc1)cccc2,-8.524,,,,,0,
237,O=C(NC(C)C)CCc1n-2c(N(CCc3ccccc3)C(=O)c3c-2cccc3)nn1,-8.523,,,,,1,
291,O(C)c1ccc(C=2c3c(c(C)c(O)c(CN4CC(C)CCC4)c3)OC(=O)C=2)cc1,-8.516,0.882180132,6,,,1,
238,O(C)c1c(O)cc(/C=C/2\C(=O)c3c(C\2=O)cccc3)cc1,-8.513,0.574977041,42,,,1,
21,O=C(NCCCN1C(C)CCCC1)c1cc2NC(=O)N(CCc3ccccc3)C(=O)c2cc1,-8.513,,,,,2,
191,O=C(C)c1c(O)c(C)c2OC(=O)C=C(CC)c2c1,-8.512,,,,,1,
430,O=[N+]([O-])c1cc(C=2c3c(OC(=O)C=2)cc(OC(C(=O)C)C)cc3)ccc1,-8.511,,,,,0,
431,S(CC(=O)Nc1cc2OCOc2cc1)C1=NC(c2ccccc2)=NC=2N1NC(=O)C=2,-8.51,,,,,2,
432,O=C(NCc1ccc(C)cc1)c1cc2-n3nnc(-c4ccc(C)cc4)c3NC(=O)c2cc1,-8.507,0.679190014,16,,,2,
148,O=C(Nc1cc(-c2oc3c(n2)cccc3)c(O)cc1)COc1ccc(C(C)(C)C)cc1,-8.505,,,,,2,
433,O(C)c1c(OC)ccc(/C=C\2/C(=O)c3c(c(C)c(O)cc3)O/2)c1,-8.498,,,,,1,
192,Fc1ccc(CC2C(=O)N(C)c3c2cccc3)cc1,-8.496,,,,,1,
239,O=C1c2c(O)cc(O)cc2Oc2c(C)cccc12,-8.495,,,,68,2,
13,O(C)c1c2OC(=O)C(C=3c4c(OC(=O)C=3)cc(O)cc4)=Cc2ccc1,-8.493,,,,,1,
225,O=C(NCCc1[nH]c2c(n1)cccc2)C1=NN(C)C(=O)c2c1cccc2,-8.489,,,,,2,
269,Fc1ccc(CNC2n3nc(-c4ccccc4)cc3C(=O)NC2)cc1,-8.488,,,,,2,
82,O=C(OC)c1cc2C(=O)/C(=C/c3cc(OC)ccc3)/Oc2cc1,-8.487,,,,,0,
120,O=C(OCC)c1cc2N(C)C(=O)Oc2cc1,-8.487,,,,,0,
386,O(C)c1cc(-c2c3c(c(C)c4OC(=O)C(C)=C(C)c4c3)oc2)ccc1,-8.487,,,,,0,
176,O=C(C)c1c(O)c(C)c2OC(=O)C=C(CCC)c2c1,-8.487,,,,,1,
385,O=C(NCc1ccc(C(C)C)cc1)c1cc2-n3nnc(-c4ccccc4)c3NC(=O)c2cc1,-8.487,,,,,2,
471,O(C)c1c(OC)cc(/C=C\2/C(=O)c3c(cccc3)C/2)cc1OC,-8.485,,,,,0,
292,O=C(NCCCN(C)C)C1=C(c2ccccc2)C(c2ccccc2)=NNC1=O,-8.484,,,8,,2,
118,O=C(OCCCC)COc1cc(O)c2C(=O)C=C(c3ccccc3)Oc2c1,-8.484,,,,,1,
193,Clc1ccc(OCC(=O)Nc2cc(-c3oc4c(n3)cccc4)c(O)cc2)cc1,-8.484,,,,,2,
318,O=C(NCCc1n(C)c2c(n1)cccc2)c1n[nH]c2-c3c(OCc12)cccc3,-8.48,,,,,2,
77,O=C(NC1CS(=O)(=O)CC1)CCN1C(=O)C(C)=Nc2c1cccc2,-8.479,,,,38,1,
51,O=C(Nc1ccc(C(C)C)cc1)CCN1C(=O)c2n(-c3c1nccc3)ccc2,-8.479,,,,,1,
240,Clc1ccc(CNC2n3nc(-c4ccccc4)cc3C(=O)NC2)cc1,-8.477,,,,29,2,
200,O=C(C)c1c(O)c(C)c2OC(=O)C=C(C)c2c1,-8.477,,,,,1,
24,O(Cc1ccc(C)cc1)c1cc2OC(=Cc3c(OC)c(OC)c(OC)cc3)C(=O)c2cc1,-8.476,,,,,0,
346,O=C(OC)c1c2ncc3C(=O)N=C(N)Sc3c2ccc1,-8.475,,,,,2,
434,O=C(NCc1cnccc1)c1cc2N(CC)C(=O)c3n(ncc3)-c2cc1,-8.474,,,17,42,1,
293,Clc1c(/C=N/c2c(O)ccc(CC)c2)ccc(Cl)c1,-8.473,,,,,1,
435,Clc1ccc(OC2=C(c3ccccc3)N3C(S2)=NCC3)cc1,-8.472,,,,,0,
347,O=C1N(CCCN(C)C)C=CC=2n3nc(-c4ccccc4)nc3N=CC1=2,-8.471,,,,,0,
126,O(C)c1ccc(CNC2n3nc(-c4ccccc4)cc3C(=O)NC2)cc1,-8.469,,,,,2,
270,O=C(OCC)C(CC(=O)OCC)C1N(NC(=O)c2cc3c(C)c(C)[nH]c3cc2)C(=O)CS1,-8.469,,,,,2,
319,O=C(Nc1c(C)ccc(C(=O)NCc2cc3OCOc3cc2)c1)c1nsc2c1cccc2,-8.468,,,,,2,
320,CN1CCN(c2nc(C3=C(C)n4nc(-c5ccccc5)nc4N=C3)ccn2)CC1,-8.466,,,,,0,
226,O=C1N(C)c2nc(n(C(C)C)c2C(=O)N1)N1CCCCCC1,-8.462,,,,,1,
113,O=C(NCCc1ccc(OC)cc1)CC=1C(=O)Oc2c(C=1C)ccc(O)c2,-8.461,,,,,2,
132,S(CC)C=1N(CC)C(=O)c2[nH]c3c(c2N=1)cccc3,-8.46,0.945451125,10,,,1,
387,Fc1c(/C=C/C=2C(=O)N(C)c3c(N=2)cccc3)cccc1,-8.459,,,,,0,
249,O(C)c1ccc(C=2c3c(OC(=O)C=2)cc(O[C@H]2[C@H](O)[C@@H](O)[C@H](O)[C@@H](CO)O2)cc3)cc1,-8.459,,,,,4,
177,S(CC(=O)NCc1[nH]c2c(n1)cccc2)C1=NC(c2ccccc2)=NC=2N1NC(=O)C=2,-8.457,,,,,3,
271,O=C(OC(C)(C)C)NC(C(=O)NC(C(=O)NC(C(=O)N)Cc1ccccc1)C(CC)C)CC(=O)OCc1ccccc1,-8.456,0.859657764,7,,,5,
436,Fc1cc2c3nc(C)sc3[nH]c2cc1,-8.456,,,,,1,
11,O=C(NCc1ccccc1)C(C)n1c2c(c3c1C(=O)NN=C3)cccc2,-8.456,,,,,2,
70,O=C(OC1C(=O)OC2C(C)C(N3C(=O)NC(=O)C=C3)OC12)C,-8.454,,,,,1,
250,Fc1c(OC)ccc(-c2c3c(oc2)cc2OC(=O)C=C(C)c2c3)c1,-8.452,,,,,0,
86,O(C)c1ccc(C=2c3c(c(C)c(O)c(CN4CCCC4)c3)OC(=O)C=2)cc1,-8.451,,,,,1,
185,O=C1Oc2c(C)c3OC=CC(=O)c3cc2C(C)=C1,-8.449,,,,,0,
31,O(C)c1ccc(C=2Oc3c(C(=O)C=2)cc(O)cc3)cc1,-8.449,,,,,1,
272,O=C(NCCCCC)c1n(C)c2N=C3C(C)=CC=CN3C(=O)c2c1,-8.448,,,,,1,
437,O(C)c1ccc(-c2nc(-c3occc3)[nH]n2)cc1,-8.448,,,,,1,
8,O(C)c1c(C=2OC(=O)/C(=C\3/c4c(nccc4)-c4c/3cccc4)/C=2)ccc(OC)c1,-8.447,,,,,0,
321,S(CC(=O)NC(CC)C)C=1N(CCC(=O)NCCc2cc(OC)c(OC)cc2)C(=O)c2c(N=1)cccc2,-8.446,,,,,2,
227,O=C(NCc1cc2OCOc2cc1)CN1C(=O)C=CC(C(=O)Nc2ccc(C)cc2)=N1,-8.444,,,,,2,
438,O=C(NCc1ccc(C)cc1)c1cc2-n3nnc(-c4cc(C)ccc4)c3NC(=O)c2cc1,-8.444,,,,,2,
389,O=C1N(c2ccc(C)cc2)N=C2Oc3c(ccc(O)c3)C=C12,-8.439,,,,,1,
388,Fc1cc2c(CCCO)c[nH]c2cc1,-8.439,,,,,2,
149,O=C(NCCCN1CC(C)CC(C)C1)C1C(N(C)C(=O)c2c1cc(OC)c(OC)c2)c1ccc(OC)cc1,-8.438,,,,,1,
104,S=C1N(CC(=O)O)C(=O)/C(=C/C=2C(=O)N3C(C(C)=CC=C3)=NC=2NCC(O)c2ccccc2)/S1,-8.437,0.563051064,96,,,3,
390,O=C1N(C)c2nc(N(Cc3ccccc3)C)n(C/C=C/C)c2C(=O)N1,-8.433,0.868578839,99,,,1,
20,c1(-c2ccncc2)scc(-c2c3c([nH]c2)cccc3)n1,-8.429,,,,,1,
439,Fc1ccc(NC(=O)Cn2c3c(c(C(=O)C(=O)N)c2)cccc3)cc1,-8.427,,,,,3,
440,Fc1cc2[nH]cc(C3=CCNCC3)c2cc1,-8.422,,,,,2,
391,O=C1C(CC)=C(C)c2c(c(C)c(O)cc2)O1,-8.412,,,,,1,
294,O=C(Cn1c2c(c3c1C(=O)NN=C3)cccc2)N1CC(C)CC(C)C1,-8.41,,,,,1,
56,O=C1NCC(NCc2ccccc2)n2nc(-c3sccc3)cc12,-8.405,,,,,2,
87,O=C(NCCCN1CCN(CC)CC1)c1n(C)c-2c(C(=O)Nc3c-2cccc3)c1,-8.395,,,,,2,
348,O=C(NC1(C(C)C)C(=O)N2C(O)(O1)C1N(C(=O)C2CC(C)C)CCC1)C1CN(C)C2C(c3c4c([nH]cc4C2)ccc3)C1,-8.394,0.96445963,24,,,3,
296,Clc1cc(NC(=O)c2c(C)nc3N(CCc4ccccc4)C(=O)NC(=O)c3c2)ccc1,-8.393,,,,80,2,
295,O=C(CCC=1C(=O)n2nc(NCc3ccccc3)nc2NC=1C)N1C(CC)CCCC1,-8.393,,,,,2,
273,O=C1NCC(NCc2ccc(C(C)C)cc2)n2nc(-c3sccc3)cc12,-8.391,,,,,2,
75,O=C1Oc2c(C)c(O)ccc2C(CCC)=C1,-8.382,,,,,1,
251,Fc1c(CC2C(=O)Nc3c2cc(C)cc3)cccc1,-8.374,0.734568615,10,,,2,
135,O(C)c1ccc(C=2c3c(c(C)c(O)cc3)OC(=O)C=2)cc1,-8.374,,,,,1,
43,O(c1cnccc1)C1CN(c2nc(N)nc3nc[nH]c23)CC1,-8.366,,,,,3,
274,O=C1N(C)c2nc(n(C/C=C/C)c2C(=O)N1)N1CCNCC1,-8.363,0.776173956,31,,,2,
78,O=C(N1C[C@H](N2C(=O)Nc3c2nccc3)CC1)c1nn(C)c2c1cccc2,-8.36,,,,,1,
349,Fc1c(CCNC(=O)CC=2C(=O)Oc3c(C=2C)ccc(O)c3)cccc1,-8.36,,,,,2,
85,O=C(OC1C2(O)c3c(cc(O)cc3)CCC2C2C(C)(C(=O)CC2)C1)C,-8.356,,,,,2,
105,O=C1NCC(NCc2ccc(CC)cc2)n2nc(-c3ccccc3)cc12,-8.354,,,,15,2,
350,Clc1c([N+](=O)[O-])cc(c(Cl)c1)C=1c2c(OC(=O)C=1)cc(O)cc2,-8.35,,,,,1,
115,N(c1nc(N)nc(-c2oc3c(c2)cccc3)n1)c1c(C)cc(C)cc1,-8.349,,,,,3,
96,Fc1ccc(CN2C(=O)Nc3c2cccc3)cc1,-8.344,,,,,1,
102,O=C1Oc2c(C)c(O)ccc2C(CC)=C1,-8.344,,,,,1,
18,c1(-c2cnccc2)scc(-c2c3c([nH]c2)cccc3)n1,-8.335,,,,,1,
211,O=C1Oc2c(C)c(O)c(CN3CCC(C)CC3)cc2C(C)=C1,-8.332,,,,,1,
441,Clc1c(OCC(=O)Nc2cc(-c3oc4c(n3)cccc4)c(O)cc2)c(C)cc(Cl)c1,-8.329,0.769472708,50,,,2,
392,O=C(NCCCN(C)c1ccccc1)c1n[nH]c2-c3c(cc(OC)cc3)CCc12,-8.325,,,,,2,
472,Brc1cc(OC)c(C=2C(C#N)=C(N)n3ncc(C(=O)Nc4ccc(CC)cc4)c3N=2)cc1,-8.324,,,,,3,
351,O=C(Nc1cn(CC(=O)N)nc1)Cc1c2c([nH]c1)cccc2,-8.318,,,8,157,4,
38,Clc1cc(N2CCN(Cc3n(CC(C)C)c4C(=O)NC(=O)N(C)c4n3)CC2)c(C)cc1,-8.316,0.840826632,15,,,1,
93,Fc1c(O)ccc(CN2CCC3(CN(C)C(C(=O)N4CCCC4)C3)CC2)c1,-8.315,,,,,1,
58,Cc1c(-c2c3c([nH]c2)cccc3)nc(-c2cnccc2)s1,-8.314,0.643131323,11,,,1,
212,Clc1cc(CNC(=O)CC=2C(=O)Oc3c(C=2C)ccc(O)c3)ccc1,-8.312,0.57260576,25,,,2,
297,O=C1N(C)c2nc(n(C/C=C/C)c2C(=O)N1)N1CCCCC1,-8.309,0.690442651,12,,,1,
121,O=C1N(C)c2nc(n(CCC(C)C)c2C(=O)N1)N1CCOCC1,-8.303,0.693946819,6,,,1,
159,O=C(c1c(N)c2c(o1)cccc2)c1ccc(C)cc1,-8.303,,,,,2,
143,O=C(C)c1c(O)c(C)c2OC(=O)C=C(CCCC)c2c1,-8.283,,,,,1,
201,O=C(NC1CS(=O)(=O)CC1)COc1cc(O)c2C(=O)c3c(c(OC)ccc3)Oc2c1,-8.28,,,,,2,
151,O=C1N(Cc2ccc(C)cc2)C(c2cc(O)ccc2)C=2C(=O)c3c(C)cc(C)cc3OC1=2,-8.255,0.868394815,8,,,2,
41,Clc1cc(N2CCN(Cc3n(CCCCC)c4C(=O)NC(=O)N(C)c4n3)CC2)c(C)cc1,-8.254,,,,,1,
202,O(C)c1cc2C(=O)c3c(O)cc(O)cc3Oc2cc1,-8.253,,,,79,2,
322,O=C(c1c(N)c2c(o1)cccc2)c1ccc(OC)cc1,-8.249,,,,,2,
34,CC1Cc2c3c([nH]c2CC1)cccc3,-8.247,,,,,1,
352,S(CCCn1c(N2CCC(C)CC2)nc2N(C)C(=O)NC(=O)c12)c1nc(C)cc(C)n1,-8.233,0.996868637,12,,,1,
106,O=[N+]([O-])c1cc(C=2c3c(OC(=O)C=2)cc(O)cc3)ccc1,-8.228,,,,,1,
393,O=C(Nc1nn(C)cc1)CC1NC(=O)c2c1cccc2,-8.226,,,,,2,
72,O=C(CCC=1C(=O)n2nc(NCc3ccccc3)nc2NC=1C)N1Cc2c(cccc2)CC1,-8.22,,,,,2,
136,O=C1N(C)c2nc(n(CCC(C)C)c2C(=O)N1)N1CCCCC1,-8.217,0.745731206,2,,,1,
129,N(c1nc(N)nc(-c2oc3c(c2)cccc3)n1)c1c(C)c(C)ccc1,-8.214,,,,,3,
228,S=C1NC=Cn2nc(-c3c4c(ccc3)cccc4)cc12,-8.212,,,,,1,
353,Clc1cc(/N=C/c2cc(Cl)ccc2)c(O)cc1,-8.205,,,,,1,
323,Fc1ccc(C2N(c3ccc(O)cc3)C(=O)C(O)=C2C(=O)C)cc1,-8.2,,,,,3,
79,O(C)c1c(C)cc(-c2cc3oc(-c4cc(C)c(O)c(C)c4)nc3cc2)cc1C,-8.194,,,,,1,
354,O=C(NC1CCC(C)CC1)Cn1c2c(c3c1C(=O)NN=C3)cccc2,-8.186,,,,,2,
355,O=C(OCC)c1c(-c2ccccc2)oc2c(-c3ccc(OC)cc3)cc(O)cc12,-8.183,,,,,1,
194,O=C(N(Cc1ccccc1)C)C1CN(c2n[nH]c3c2cccc3)C(=O)C1,-8.183,,,,,3,
324,O=C(CCC=1C(=O)n2nc(NCc3ccccc3)nc2NC=1C)N1CCC(C)CC1,-8.181,,,,,2,
178,S(C)c1ccc(CNC2n3nc(-c4ccccc4)cc3C(=O)NC2)cc1,-8.173,,,,,2,
57,O=C(CCc1c(C)c(C(=O)OCC)[nH]c1C)N1CC(C(=O)NCCN(Cc2ccccc2)C)CCC1,-8.17,,,,,2,
275,O=C(N)c1nc(-c2ccc(OCc3ccccc3)cc2)nc2N(c3cc4OCOc4cc3)C(=O)N(C)c12,-8.167,,,,,2,
473,Fc1c(C(NCc2c3c([nH]cc3)ncc2)C)ccc(F)c1,-8.16,,,,,2,
394,Fc1ccc(N2CCN(Cc3c(O)ccc4C(C)=C(CC)C(=O)Oc34)CC2)cc1,-8.159,,,,,1,
103,O=[N+]([O-])c1ccc(C=2c3c(O)cc(O)cc3OC(=O)C=2)cc1,-8.154,,,,58,2,
171,O=C(NCCN(C)C)C1CN(c2n[nH]c3c2cccc3)C(=O)C1,-8.154,,,,,4,
195,O=C(NCCC(C)C)c1n(C)c-2c(C(=O)Nc3c-2cccc3)c1,-8.152,,,,,2,
442,Fc1c(C#N)c(N2CCN(c3c(O)cccc3)CC2)ccc1,-8.148,,,,,1,
252,Clc1ccc(CNC(=O)CC=2C(=O)Oc3c(C=2C)ccc(O)c3)cc1,-8.145,0.55482971,31,,,2,
150,O=C(NCCCN(C)C)C1CN(c2n[nH]c3c2cccc3)C(=O)C1,-8.145,,,,,4,
443,O=C(/C=C/c1cc(OC)c(OC)c(OC)c1)c1c(O)cc(OC)cc1,-8.144,,,,,1,
444,Clc1cc(NC(=O)CSc2n(C)c3N=CNC(=O)c3n2)ccc1,-8.14,,,,,2,
298,Clc1c(C(F)(F)F)cc(NC(=O)C2n3c4c(nc3NC(=O)C2)cccc4)cc1,-8.137,0.931112176,3,,38,3,
395,Sc1n(CC(C)C)c2c(n1)cccc2,-8.131,,,,,1,
48,Clc1c(C2c3c(NC(=O)C2)cc(O)cc3)cccc1,-8.117,,,,,2,
89,O=C(NCc1ccc(C)cc1)Cn1c2c(c3c1C(=O)NN=C3)cccc2,-8.115,,,,,2,
325,ClC=1C(=O)Oc2c(C=1C)ccc(O)c2,-8.113,,,,,1,
276,Fc1c(/C=N/c2c(O)cccc2)cccc1,-8.111,,,,,1,
47,O=C(N1C[C@H](N2C(=O)Nc3c2nccc3)CC1)c1n(CC)ncc1,-8.102,,,,,1,
167,S(CC(=O)Nc1c(OC)ccc(OC)c1)C=1N(NC(=O)CCc2c3c([nH]c2)cccc3)C(=O)c2c(N=1)cccc2,-8.084,,,,,3,
141,O=C(Nc1cc2c([nH]cc2)cc1)CNC(=O)CN1C(=O)c2c(N=N1)cccc2,-8.064,,,,,3,
107,O=C(Nc1cc(-c2oc3c(n2)cccc3)c(O)cc1)c1c(OC)cccc1,-8.063,,,,,2,
124,O=C(Nc1ccc(C)cc1)CCN1C(=O)c2[nH]c3c(c2N=C1)cc(C)cc3,-8.061,,,,,2,
445,Fc1c(/C=C/c2nc3c(O)cccc3cc2)ccc(F)c1,-8.058,,,,,1,
161,O=C(NCc1ccc(OC)cc1)CC=1C(=O)Oc2c(C=1C)ccc(O)c2,-8.045,,,,,2,
62,O=C1Oc2c(N)c(O)ccc2C(C)=C1,-8.044,0.657317167,80,,,3,
117,ClC1=Cn2c(nc(-c3c(O)cccc3)c2)C=C1,-8.044,,,,,1,
213,O=C(OC)C1=C(C)NC2=C(C(=O)CC(C)(C)C2)C1c1ccc(O)cc1,-8.044,,,,,1,
356,Fc1ccc(N2CCN(CC=3c4c(c(C)c(O)cc4)OC(=O)C=3)CC2)cc1,-8.042,,,,,1,
446,O=C(Nc1c(O)ccnc1)COc1ccc(C(=O)N)cc1,-8.035,0.846412839,67,,,4,
36,O=C(NCc1cnccc1)CCCn1c2c(c3c1C(=O)NN=C3)cccc2,-8.034,,,,,2,
326,O=C(Nc1ccc(CC)cc1)Cn1c(Nc2ccc(CC)cc2)nc2N(C)C(=O)NC(=O)c12,-8.034,,,,,3,
10,O=C(NCc1ccc(C(C)C)cc1)CCN1C(=O)c2[nH]c3c(c2N=C1)cccc3,-8.028,,,,,2,
327,S(CC(=O)NCc1[nH]c2c(n1)cccc2)C1=NC(c2occc2)=NC=2N1NC(=O)C=2,-8.028,,,,,3,
229,O=C1N(C)c2nc(CN3CCN(Cc4ccccc4)CC3)n(CCCCC)c2C(=O)N1,-8.025,,,,,1,
55,Fc1c(Cn2c(C)c(CO)c3c2cccc3)cccc1,-8.024,,,,17,1,
396,O=C(c1c(N)c2c(o1)cccc2)c1cc(OC)c(OC)cc1,-8.021,,,,,2,
447,O=C(c1c(N)c2c(o1)ccc(OC)c2)C1CC1,-8.021,,,,,2,
448,Clc1cc(CNc2c3c([nH]nc3)ccc2)c(OC)cc1,-8.019,0.815176459,16,,,2,
119,O=C1NN=C(c2[nH]ccn2)c2c1cccc2,-8.015,,,,,2,
14,O=C(c1c(N)nc(NCc2ccccc2)s1)c1ccccc1,-8.015,,,,,3,
137,O=C(Nc1cc(C)c(C)cc1)CCN1C(=O)c2[nH]c3c(c2N=C1)cccc3,-8.014,,,,,2,
299,O=C(O)CN1C(C)=Nc2c(C1=O)cc(O)cc2,-8.004,,,,,2,
449,Clc1ccc(C=2C(=O)c3c(c(CN4CC(C)CCC4)c(O)cc3)OC=2)cc1,-8.001,,,,,1,
122,O=C1C(CCC)=C(C)c2c(O1)cc(O)cc2,-7.999,,,,55,1,
186,O=C1C(CC)=C(C)c2c(O1)cc(O)cc2,-7.997,,,,,1,
44,O=C(OC1C2c3c(cc(O)cc3)CCC2C2C(C)(C(=O)CC2)C1)C,-7.993,0.759408508,106,,,1,
397,Clc1c(O)cc2OC(=O)C(CC(=O)OC)=C(C)c2c1,-7.993,,,,,1,
474,O=C1C(c2onc(-c3cc4OCOc4cc3)n2)=C(O)c2c(N1)cccc2,-7.993,,,,,2,
214,O=C1Oc2c(CN3CCC(C)CC3)c(O)ccc2-c2c1cccc2,-7.984,0.549733811,208,,,1,
328,Fc1c(N2CCN(CC=3c4c(c(C)c(O)cc4)OC(=O)C=3)CC2)cccc1,-7.984,,,,,1,
68,Cc1cc2c(Oc3c(NC2)cccc3)cc1,-7.983,,,,,1,
450,O=C(Nc1c(C)n(CC(C)C)nc1)c1c2c([nH]c1)nccc2,-7.98,0.728279786,65,,,2,
71,S(CC(=O)N1C(=O)NCC1)c1oc2c(n1)cccc2,-7.978,0.651037647,25,,,1,
179,O=C(OCC)C=1C(=O)Oc2c(ccc(O)c2)C=1,-7.975,,,,,1,
155,O(C)c1cc2C(=O)Oc3c(-c2cc1)ccc(O)c3,-7.967,,,,,1,
64,O=C(NCCCC)CCCn1c2c(c3c1C(=O)NN=C3)cccc2,-7.964,,,,,2,
33,N#CNc1nc(-c2cc3c(cc2)cccc3)ccn1,-7.957,,,,,1,
180,O=C(OCC)c1c(C)n(C)c2c1cc(O)cc2,-7.953,,,,,1,
357,S(CCn1c(N2CCC(C)CC2)nc2N(C)C(=O)NC(=O)c12)c1nc(C)cc(C)n1,-7.951,0.989153159,5,,,1,
451,S(CC(=O)NC=1N2N=C(C)C(=O)N=C2SC=1)c1n-2c(nn1)Nc1c-2cccc1,-7.951,,,,,2,
300,O=C(Nc1cnccc1)c1c2C(=O)NC=Nc2sc1,-7.949,,     ,1,8,2,
215,O=C(CC)c1c(O)c(C)c2OC(=O)C=C(C)c2c1,-7.944,,,,,1,
30,Clc1c(/C=N/c2c(O)cccc2)cccc1,-7.943,,,,,1,
398,O=C(NCCn1c(C)ncc1C)C1=NNC(=O)c2c1cccc2,-7.943,,,,,2,
329,Clc1c(/C=N/c2c(O)cc(C)cc2)ccc(Cl)c1,-7.941,,,,,1,
399,Brc1cnc2[nH]cc(Cc3ccccc3)c2c1,-7.941,,,,,1,
90,O=C(NCCc1c2c([nH]c1)ccc(C)c2)[C@H]1NC(=O)[C@@]2(CN(C(C)C)CC2)C1,-7.941,,,,,3,
163,O=C(OCC)N1CCN(CC=2c3c(OC(=O)C=2)ccc(O)c3)CC1,-7.933,,,,,1,
241,O=C(OC)c1c(C)n(-c2ccc(C)cc2)c2c1cc(O)cc2,-7.928,,,,,1,
452,O=C(/C=C/c1cc(OC)c(OC)c(OC)c1)c1c(O)ccc(C)c1,-7.928,,,,,1,
144,O=C(NC1C(C)C(C)CCC1)Cn1c2c(c3c1C(=O)NN=C3)cccc2,-7.926,,,,,2,
25,O=C1N(C)c2nc(NC3CCCCC3)n(CC(C)C)c2C(=O)N1,-7.924,0.557967362,39,,,2,
39,O=C1Oc2c(C)c(O)ccc2C(CCCC)=C1,-7.923,,,,,1,
358,O=C(N1C[C@H](N2C(=O)N(CC)c3c2nccc3)CC1)c1cc2c([nH]cc2)cc1,-7.914,,,,,1,
475,O=C1C(O)=C(c2cc3OCOc3cc2)Oc2c1ccc(C)c2,-7.912,,,,,1,
242,O=C(NCCCN1CC(C)CC(C)C1)c1n(C)c-2c(C(=O)Nc3c-2cccc3)c1,-7.909,,,,,2,
400,O=C(Cc1cc2[nH]ncc2cc1)N1C[C@@H](C(=O)O)[C@H](C)C1,-7.904,,,,,2,
453,Fc1c(CNC2n3nc(-c4ccc(C)cc4)cc3C(=O)NC2)cc(F)cc1,-7.901,,,,,2,
80,O=C(C)N1CCC2(Oc3c(C(=O)C2)ccc(O)c3)CC1,-7.893,,,,,1,
35,O=C1NCC(NCc2occc2)n2nc(-c3ccccc3)cc12,-7.893,,,,,2,
401,O=C1NC=Nc2c(-c3ccc(C)cc3)csc12,-7.886,,,,,1,
230,S(CC(=O)Nc1sc2c(n1)cccc2)c1n-2c(nn1)Nc1c-2cccc1,-7.885,,,,,2,
454,S=C(N1CC(C)OC(C)C1)c1ccc(O)cc1,-7.884,0.51349505,46,,,1,
455,Clc1cc(-c2c3N=CNC(=O)c3sc2)ccc1,-7.88,,,,,1,
187,Fc1ccc(OCC(O)CN2CCN(c3ccc(OC)cc3)CC2)cc1,-7.879,,,,,1,
330,O=C(N1CC(n2nnc(-c3onc(C4CC4)n3)c2)CC1)c1[nH]ccc1,-7.878,,,,,1,
109,O=C(NC(CCc1ccccc1)C)Cn1c2c(c3c1C(=O)NN=C3)cccc2,-7.876,,,,,2,
331,O(c1c(C)ccc(C)c1)C=1C(=O)c2c(OC=1)cc(O)cc2,-7.875,,,,,1,
456,Clc1c(F)ccc(NC(=O)CSc2n(C)c3N=C(C)NC(=O)c3n2)c1,-7.87,0.919569366,5,,,2,
152,Clc1cc2c([nH]c3-c4n[nH]cc4CCc23)cc1,-7.866,0.701980306,277,,,2,
66,O(C)c1ccc(/N=C2/c3c(OC(c4ccc(OC)cc4)=C/2)ccc(O)c3)cc1,-7.864,,,,,1,
116,O=C1N(Cc2occc2)C(c2cc(O)ccc2)C=2C(=O)c3c(C)cc(C)cc3OC1=2,-7.857,0.976410072,6,,,2,
457,Fc1ccc(N2CCN(CC(O)c3c4c([nH]c3)cc(OC)cc4)CC2)cc1,-7.854,,,,,2,
164,O=C(N1CCC(N2C(=O)Nc3c2ncnc3)CC1)c1nn(CC)cc1,-7.848,0.511676081,135,,,1,
458,O=C(NCCCc1n(C)c2c(n1)cccc2)c1[nH]nc(-c2occc2)c1,-7.843,,,,,2,
402,S(CC(=O)Nc1n[nH]c(C)c1)C1=Nc2c(cccc2)C=2N1C(=O)C(CCC(=O)NCc1cc3OCOc3cc1)N=2,-7.832,0.874294855,55,,,4,
301,O=C(NCc1cc2OCOc2cc1)CC=1C(=O)Oc2c(C=1C)ccc(O)c2,-7.83,0.615851144,58,,,2,
277,O=C(CCC=1C(=O)n2nc(NCc3ccccc3)nc2NC=1C)N1C(C)CCCC1,-7.825,,,,,2,
203,O=C(NCCN(CCCC)C)c1n(C)c-2c(C(=O)Nc3c-2cccc3)c1,-7.823,,,,,2,
54,S(Cc1ccc(C(F)(F)F)cc1)c1c2c([nH]c1)cccc2,-7.821,,,,,1,
53,O=C(Nc1cc2c([nH]cc2)cc1)CN1C(=O)Nc2c(C1=O)cccc2,-7.821,,,,,3,
108,O=C(Nc1cc2[nH]ccc2cc1)C1=Cn2nnnc2C=C1,-7.819,,,19,10,2,
156,O(C)c1cc2c(OC(=O)C(c3ccc(O)cc3)=C2)cc1,-7.818,,,,,1,
165,Fc1ccc(CC2C(=O)Nc3c2cccc3)cc1,-7.811,,,,,2,
403,O=C(NCCc1cc(OC)c(OC)cc1)c1[nH]nc(C2CC2)c1,-7.811,,,,,2,
476,O=C(Nc1cc(C#N)ccc1)c1n[nH]c(-c2ccncc2)c1,-7.804,,,,67,2,
459,O=C(Cc1c2c([nH]c1)cccc2)N1Cc2n(nc(C(=O)NC(C)C)c2)CC1,-7.803,,,,,2,
460,O(C)c1c(OC)cccc1/C=C\1/C(=O)c2c(O/1)cc(O)cc2,-7.802,0.592937854,59,,,1,
332,O=C(OCC)c1c(-c2ccccc2)oc2c(-c3ccc(C)cc3)cc(O)cc12,-7.802,,,,,1,
162,Clc1c2c(c(O)cc1)nc(/C=C/c1ccccc1)cc2,-7.801,,,,,1,
404,FC(F)(F)c1[nH]nc(-c2c(O)cccc2)c1,-7.799,,,,,2,
302,O=C(Nc1cc2nc(C)n(CCCN(C)C)c2cc1)c1n[nH]c2c1CCC2,-7.788,,,19,21,2,
